{
    "Logistic Regression": {
        "test_metrics": {
            "accuracy": 0.8181818181818182,
            "precision": 0.7166666666666667,
            "recall": 0.7962962962962963,
            "f1_score": 0.7543859649122807,
            "roc_auc": 0.8755555555555555,
            "confusion_matrix": [
                [
                    83,
                    17
                ],
                [
                    11,
                    43
                ]
            ]
        },
        "cv_metrics": {
            "mean_cv_score": 0.7811985400220693,
            "std_cv_score": 0.03286697536141815,
            "cv_scores": [
                0.7597402597402597,
                0.7792207792207793,
                0.8441558441558441,
                0.7516339869281046,
                0.7712418300653595
            ]
        }
    },
    "Random Forest": {
        "test_metrics": {
            "accuracy": 0.8441558441558441,
            "precision": 0.7884615384615384,
            "recall": 0.7592592592592593,
            "f1_score": 0.7735849056603774,
            "roc_auc": 0.9111111111111111,
            "confusion_matrix": [
                [
                    89,
                    11
                ],
                [
                    13,
                    41
                ]
            ]
        },
        "cv_metrics": {
            "mean_cv_score": 0.85542823189882,
            "std_cv_score": 0.02671433320410662,
            "cv_scores": [
                0.8636363636363636,
                0.8376623376623377,
                0.8961038961038961,
                0.8169934640522876,
                0.8627450980392157
            ]
        }
    },
    "SVM": {
        "test_metrics": {
            "accuracy": 0.8376623376623377,
            "precision": 0.7543859649122807,
            "recall": 0.7962962962962963,
            "f1_score": 0.7747747747747747,
            "roc_auc": 0.9216666666666667,
            "confusion_matrix": [
                [
                    86,
                    14
                ],
                [
                    11,
                    43
                ]
            ]
        },
        "cv_metrics": {
            "mean_cv_score": 0.8554961378490791,
            "std_cv_score": 0.0236334627749459,
            "cv_scores": [
                0.8246753246753247,
                0.8441558441558441,
                0.8766233766233766,
                0.8431372549019608,
                0.8888888888888888
            ]
        }
    },
    "XGBoost": {
        "test_metrics": {
            "accuracy": 0.8571428571428571,
            "precision": 0.82,
            "recall": 0.7592592592592593,
            "f1_score": 0.7884615384615384,
            "roc_auc": 0.9381481481481481,
            "confusion_matrix": [
                [
                    91,
                    9
                ],
                [
                    13,
                    41
                ]
            ]
        },
        "cv_metrics": {
            "mean_cv_score": 0.8659366777013835,
            "std_cv_score": 0.01966501684462283,
            "cv_scores": [
                0.8441558441558441,
                0.8441558441558441,
                0.8701298701298701,
                0.8758169934640523,
                0.8954248366013072
            ]
        }
    },
    "K-Nearest Neighbors": {
        "test_metrics": {
            "accuracy": 0.8116883116883117,
            "precision": 0.7777777777777778,
            "recall": 0.6481481481481481,
            "f1_score": 0.7070707070707071,
            "roc_auc": 0.8988888888888891,
            "confusion_matrix": [
                [
                    90,
                    10
                ],
                [
                    19,
                    35
                ]
            ]
        },
        "cv_metrics": {
            "mean_cv_score": 0.8646209999151175,
            "std_cv_score": 0.01582916140083624,
            "cv_scores": [
                0.8376623376623377,
                0.8571428571428571,
                0.8701298701298701,
                0.8758169934640523,
                0.8823529411764706
            ]
        }
    },
    "Decision Tree": {
        "test_metrics": {
            "accuracy": 0.7727272727272727,
            "precision": 0.6727272727272727,
            "recall": 0.6851851851851852,
            "f1_score": 0.6788990825688074,
            "roc_auc": 0.8575925925925926,
            "confusion_matrix": [
                [
                    82,
                    18
                ],
                [
                    17,
                    37
                ]
            ]
        },
        "cv_metrics": {
            "mean_cv_score": 0.8060351413292588,
            "std_cv_score": 0.019501495785890156,
            "cv_scores": [
                0.7857142857142857,
                0.7987012987012987,
                0.7987012987012987,
                0.803921568627451,
                0.8431372549019608
            ]
        }
    },
    "Naive Bayes": {
        "test_metrics": {
            "accuracy": 0.7792207792207793,
            "precision": 0.6851851851851852,
            "recall": 0.6851851851851852,
            "f1_score": 0.6851851851851852,
            "roc_auc": 0.8111111111111112,
            "confusion_matrix": [
                [
                    83,
                    17
                ],
                [
                    17,
                    37
                ]
            ]
        },
        "cv_metrics": {
            "mean_cv_score": 0.7799677446736271,
            "std_cv_score": 0.012924716313928018,
            "cv_scores": [
                0.7662337662337663,
                0.7662337662337663,
                0.7922077922077922,
                0.7777777777777778,
                0.7973856209150327
            ]
        }
    },
    "Gradient Boosting": {
        "test_metrics": {
            "accuracy": 0.8636363636363636,
            "precision": 0.851063829787234,
            "recall": 0.7407407407407407,
            "f1_score": 0.7920792079207921,
            "roc_auc": 0.928888888888889,
            "confusion_matrix": [
                [
                    93,
                    7
                ],
                [
                    14,
                    40
                ]
            ]
        },
        "cv_metrics": {
            "mean_cv_score": 0.8359222476869534,
            "std_cv_score": 0.021221882654276124,
            "cv_scores": [
                0.8246753246753247,
                0.8181818181818182,
                0.8766233766233766,
                0.8235294117647058,
                0.8366013071895425
            ]
        }
    }
}